{"cameraMode":{"drawMode":0,"name":"Shaded","section":"Shading Mode"},"sceneLighting":false,"audioPlay":false,"sceneViewState":{"showFog":true,"showMaterialUpdate":true,"showSkybox":false,"showFlares":true,"showImageEffects":true,"showParticleSystems":true},"in2DMode":false,"pivot":{"x":1.3576326370239258,"y":1.818817138671875,"z":-3.255713939666748},"rotation":{"x":0.2730391025543213,"y":0.04759508743882179,"z":-0.013526597060263157,"w":0.9607313871383667},"size":6.321804523468018,"orthographic":true}