{"cameraMode":{"drawMode":0,"name":"Shaded","section":"Shading Mode"},"sceneLighting":false,"audioPlay":false,"sceneViewState":{"showFog":true,"showMaterialUpdate":true,"showSkybox":false,"showFlares":true,"showImageEffects":true,"showParticleSystems":true},"in2DMode":false,"pivot":{"x":0.08716928958892822,"y":2.268557071685791,"z":-0.6699999570846558},"rotation":{"x":0.13750670850276948,"y":-0.028225533664226533,"z":0.0039199888706207279,"w":0.9900918006896973},"size":1.5635440349578858,"orthographic":true}